HexaCode;ColorName;red;green;blue
#000000; Black;0;0;0
#000080; Navy Blue;0;0;128
#0000C8; Dark Blue;0;0;200
#0000FF; Blue;0;0;255
#000741; Stratos;0;7;65
#001B1C; Swamp;0;27;28
#002387; Resolution Blue;0;35;135
#002900; Deep Fir;0;41;0
#002E20; Burnham;0;46;32
#002FA7; International Klein Blue;0;47;167
#003153; Prussian Blue;0;49;83
#003366; Midnight Blue;0;51;102
#003399; Smalt;0;51;153
#003532; Deep Teal;0;53;50
#003E40; Cyprus;0;62;64
#004620; Kaitoke Green;0;70;32
#0047AB; Cobalt;0;71;171
#004816; Crusoe;0;72;22
#004950; Sherpa Blue;0;73;80
#0056A7; Endeavour;0;86;167
#00581A; Camarone;0;88;26
#0066CC; Science Blue;0;102;204
#0066FF; Blue Ribbon;0;102;255
#00755E; Tropical Rain Forest;0;117;94
#0076A3; Allports;0;118;163
#007BA7; Deep Cerulean;0;123;167
#007EC7; Lochmara;0;126;199
#007FFF; Azure Radiance;0;127;255
#008080; Teal;0;128;128
#0095B6; Bondi Blue;0;149;182
#009DC4; Pacific Blue;0;157;196
#00A693; Persian Green;0;166;147
#00A86B; Jade;0;168;107
#00CC99; Caribbean Green;0;204;153
#00CCCC; Robin's Egg Blue;0;204;204
#00FF00; Green;0;255;0
#00FF7F; Spring Green;0;255;127
#00FFFF; Cyan / Aqua;0;255;255
#010D1A; Blue Charcoal;1;13;26
#011635; Midnight;1;22;53
#011D13; Holly;1;29;19
#012731; Daintree;1;39;49
#01361C; Cardin Green;1;54;28
#01371A; County Green;1;55;26
#013E62; Astronaut Blue;1;62;98
#013F6A; Regal Blue;1;63;106
#014B43; Aqua Deep;1;75;67
#015E85; Orient;1;94;133
#016162; Blue Stone;1;97;98
#016D39; Fun Green;1;109;57
#01796F; Pine Green;1;121;111
#017987; Blue Lagoon;1;121;135
#01826B; Deep Sea;1;130;107
#01A368; Green Haze;1;163;104
#022D15; English Holly;2;45;21
#02402C; Sherwood Green;2;64;44
#02478E; Congress Blue;2;71;142
#024E46; Evening Sea;2;78;70
#026395; Bahama Blue;2;99;149
#02866F; Observatory;2;134;111
#02A4D3; Cerulean;2;164;211
#03163C; Tangaroa;3;22;60
#032B52; Green Vogue;3;43;82
#036A6E; Mosque;3;106;110
#041004; Midnight Moss;4;16;4
#041322; Black Pearl;4;19;34
#042E4C; Blue Whale;4;46;76
#044022; Zuccini;4;64;34
#044259; Teal Blue;4;66;89
#051040; Deep Cove;5;16;64
#051657; Gulf Blue;5;22;87
#055989; Venice Blue;5;89;137
#056F57; Watercourse;5;111;87
#062A78; Catalina Blue;6;42;120
#063537; Tiber;6;53;55
#069B81; Gossamer;6;155;129
#06A189; Niagara;6;161;137
#073A50; Tarawera;7;58;80
#080110; Jaguar;8;1;16
#081910; Black Bean;8;25;16
#082567; Deep Sapphire;8;37;103
#088370; Elf Green;8;131;112
#08E8DE; Bright Turquoise;8;232;222
#092256; Downriver;9;34;86
#09230F; Palm Green;9;35;15
#09255D; Madison;9;37;93
#093624; Bottle Green;9;54;36
#095859; Deep Sea Green;9;88;89
#097F4B; Salem;9;127;75
#0A001C; Black Russian;10;0;28
#0A480D; Dark Fern;10;72;13
#0A6906; Japanese Laurel;10;105;6
#0A6F75; Atoll;10;111;117
#0B0B0B; Cod Gray;11;11;11
#0B0F08; Marshland;11;15;8
#0B1107; Gordons Green;11;17;7
#0B1304; Black Forest;11;19;4
#0B6207; San Felix;11;98;7
#0BDA51; Malachite;11;218;81
#0C0B1D; Ebony;12;11;29
#0C0D0F; Woodsmoke;12;13;15
#0C1911; Racing Green;12;25;17
#0C7A79; Surfie Green;12;122;121
#0C8990; Blue Chill;12;137;144
#0D0332; Black Rock;13;3;50
#0D1117; Bunker;13;17;23
#0D1C19; Aztec;13;28;25
#0D2E1C; Bush;13;46;28
#0E0E18; Cinder;14;14;24
#0E2A30; Firefly;14;42;48
#0F2D9E; Torea Bay;15;45;158
#10121D; Vulcan;16;18;29
#101405; Green Waterloo;16;20;5
#105852; Eden;16;88;82
#110C6C; Arapawa;17;12;108
#120A8F; Ultramarine;18;10;143
#123447; Elephant;18;52;71
#126B40; Jewel;18;107;64
#130000; Diesel;19;0;0
#130A06; Asphalt;19;10;6
#13264D; Blue Zodiac;19;38;77
#134F19; Parsley;19;79;25
#140600; Nero;20;6;0
#1450AA; Tory Blue;20;80;170
#151F4C; Bunting;21;31;76
#1560BD; Denim;21;96;189
#15736B; Genoa;21;115;107
#161928; Mirage;22;25;40
#161D10; Hunter Green;22;29;16
#162A40; Big Stone;22;42;64
#163222; Celtic;22;50;34
#16322C; Timber Green;22;50;44
#163531; Gable Green;22;53;49
#171F04; Pine Tree;23;31;4
#175579; Chathams Blue;23;85;121
#182D09; Deep Forest Green;24;45;9
#18587A; Blumine;24;88;122
#19330E; Palm Leaf;25;51;14
#193751; Nile Blue;25;55;81
#1959A8; Fun Blue;25;89;168
#1A1A68; Lucky Point;26;26;104
#1AB385; Mountain Meadow;26;179;133
#1B0245; Tolopea;27;2;69
#1B1035; Haiti;27;16;53
#1B127B; Deep Koamaru;27;18;123
#1B1404; Acadia;27;20;4
#1B2F11; Seaweed;27;47;17
#1B3162; Biscay;27;49;98
#1B659D; Matisse;27;101;157
#1C1208; Crowshead;28;18;8
#1C1E13; Rangoon Green;28;30;19
#1C39BB; Persian Blue;28;57;187
#1C402E; Everglade;28;64;46
#1C7C7D; Elm;28;124;125
#1D6142; Green Pea;29;97;66
#1E0F04; Creole;30;15;4
#1E1609; Karaka;30;22;9
#1E1708; El Paso;30;23;8
#1E385B; Cello;30;56;91
#1E433C; Te Papa Green;30;67;60
#1E90FF; Dodger Blue;30;144;255
#1E9AB0; Eastern Blue;30;154;176
#1F120F; Night Rider;31;18;15
#1FC2C2; Java;31;194;194
#20208D; Jacksons Purple;32;32;141
#202E54; Cloud Burst;32;46;84
#204852; Blue Dianne;32;72;82
#211A0E; Eternity;33;26;14
#220878; Deep Blue;34;8;120
#228B22; Forest Green;34;139;34
#233418; Mallard;35;52;24
#240A40; Violet;36;10;64
#240C02; Kilamanjaro;36;12;2
#242A1D; Log Cabin;36;42;29
#242E16; Black Olive;36;46;22
#24500F; Green House;36;80;15
#251607; Graphite;37;22;7
#251706; Cannon Black;37;23;6
#251F4F; Port Gore;37;31;79
#25272C; Shark;37;39;44
#25311C; Green Kelp;37;49;28
#2596D1; Curious Blue;37;150;209
#260368; Paua;38;3;104
#26056A; Paris M;38;5;106
#261105; Wood Bark;38;17;5
#261414; Gondola;38;20;20
#262335; Steel Gray;38;35;53
#26283B; Ebony Clay;38;40;59
#273A81; Bay of Many;39;58;129
#27504B; Plantation;39;80;75
#278A5B; Eucalyptus;39;138;91
#281E15; Oil;40;30;21
#283A77; Astronaut;40;58;119
#286ACD; Mariner;40;106;205
#290C5E; Violent Violet;41;12;94
#292130; Bastille;41;33;48
#292319; Zeus;41;35;25
#292937; Charade;41;41;55
#297B9A; Jelly Bean;41;123;154
#29AB87; Jungle Green;41;171;135
#2A0359; Cherry Pie;42;3;89
#2A140E; Coffee Bean;42;20;14
#2A2630; Baltic Sea;42;38;48
#2A380B; Turtle Green;42;56;11
#2A52BE; Cerulean Blue;42;82;190
#2B0202; Sepia Black;43;2;2
#2B194F; Valhalla;43;25;79
#2B3228; Heavy Metal;43;50;40
#2C0E8C; Blue Gem;44;14;140
#2C1632; Revolver;44;22;50
#2C2133; Bleached Cedar;44;33;51
#2C8C84; Lochinvar;44;140;132
#2D2510; Mikado;45;37;16
#2D383A; Outer Space;45;56;58
#2D569B; St Tropaz;45;86;155
#2E0329; Jacaranda;46;3;41
#2E1905; Jacko Bean;46;25;5
#2E3222; Rangitoto;46;50;34
#2E3F62; Rhino;46;63;98
#2E8B57; Sea Green;46;139;87
#2EBFD4; Scooter;46;191;212
#2F270E; Onion;47;39;14
#2F3CB3; Governor Bay;47;60;179
#2F519E; Sapphire;47;81;158
#2F5A57; Spectra;47;90;87
#2F6168; Casal;47;97;104
#300529; Melanzane;48;5;41
#301F1E; Cocoa Brown;48;31;30
#302A0F; Woodrush;48;42;15
#304B6A; San Juan;48;75;106
#30D5C8; Turquoise;48;213;200
#311C17; Eclipse;49;28;23
#314459; Pickled Bluewood;49;68;89
#315BA1; Azure;49;91;161
#31728D; Calypso;49;114;141
#317D82; Paradiso;49;125;130
#32127A; Persian Indigo;50;18;122
#32293A; Blackcurrant;50;41;58
#323232; Mine Shaft;50;50;50
#325D52; Stromboli;50;93;82
#327C14; Bilbao;50;124;20
#327DA0; Astral;50;125;160
#33036B; Christalle;51;3;107
#33292F; Thunder;51;41;47
#33CC99; Shamrock;51;204;153
#341515; Tamarind;52;21;21
#350036; Mardi Gras;53;0;54
#350E42; Valentino;53;14;66
#350E57; Jagger;53;14;87
#353542; Tuna;53;53;66
#354E8C; Chambray;53;78;140
#363050; Martinique;54;48;80
#363534; Tuatara;54;53;52
#363C0D; Waiouru;54;60;13
#36747D; Ming;54;116;125
#368716; La Palma;54;135;22
#370202; Chocolate;55;2;2
#371D09; Clinker;55;29;9
#37290E; Brown Tumbleweed;55;41;14
#373021; Birch;55;48;33
#377475; Oracle;55;116;117
#380474; Blue Diamond;56;4;116
#381A51; Grape;56;26;81
#383533; Dune;56;53;51
#384555; Oxford Blue;56;69;85
#384910; Clover;56;73;16
#394851; Limed Spruce;57;72;81
#396413; Dell;57;100;19
#3A0020; Toledo;58;0;32
#3A2010; Sambuca;58;32;16
#3A2A6A; Jacarta;58;42;106
#3A686C; William;58;104;108
#3A6A47; Killarney;58;106;71
#3AB09E; Keppel;58;176;158
#3B000B; Temptress;59;0;11
#3B0910; Aubergine;59;9;16
#3B1F1F; Jon;59;31;31
#3B2820; Treehouse;59;40;32
#3B7A57; Amazon;59;122;87
#3B91B4; Boston Blue;59;145;180
#3C0878; Windsor;60;8;120
#3C1206; Rebel;60;18;6
#3C1F76; Meteorite;60;31;118
#3C2005; Dark Ebony;60;32;5
#3C3910; Camouflage;60;57;16
#3C4151; Bright Gray;60;65;81
#3C4443; Cape Cod;60;68;67
#3C493A; Lunar Green;60;73;58
#3D0C02; Bean  ;61;12;2
#3D2B1F; Bistre;61;43;31
#3D7D52; Goblin;61;125;82
#3E0480; Kingfisher Daisy;62;4;128
#3E1C14; Cedar;62;28;20
#3E2B23; English Walnut;62;43;35
#3E2C1C; Black Marlin;62;44;28
#3E3A44; Ship Gray;62;58;68
#3EABBF; Pelorous;62;171;191
#3F2109; Bronze;63;33;9
#3F2500; Cola;63;37;0
#3F3002; Madras;63;48;2
#3F307F; Minsk;63;48;127
#3F4C3A; Cabbage Pont;63;76;58
#3F583B; Tom Thumb;63;88;59
#3F5D53; Mineral Green;63;93;83
#3FC1AA; Puerto Rico;63;193;170
#3FFF00; Harlequin;63;255;0
#401801; Brown Pod;64;24;1
#40291D; Cork;64;41;29
#403B38; Masala;64;59;56
#403D19; Thatch Green;64;61;25
#405169; Fiord;64;81;105
#40826D; Viridian;64;130;109
#40A860; Chateau Green;64;168;96
#410056; Ripe Plum;65;0;86
#411F10; Paco;65;31;16
#412010; Deep Oak;65;32;16
#413C37; Merlin;65;60;55
#414257; Gun Powder;65;66;87
#414C7D; East Bay;65;76;125
#4169E1; Royal Blue;65;105;225
#41AA78; Ocean Green;65;170;120
#420303; Burnt Maroon;66;3;3
#423921; Lisbon Brown;66;57;33
#427977; Faded Jade;66;121;119
#431560; Scarlet Gum;67;21;96
#433120; Iroko;67;49;32
#433E37; Armadillo;67;62;55
#434C59; River Bed;67;76;89
#436A0D; Green Leaf;67;106;13
#44012D; Barossa;68;1;45
#441D00; Morocco Brown;68;29;0
#444954; Mako;68;73;84
#454936; Kelp;69;73;54
#456CAC; San Marino;69;108;172
#45B1E8; Picton Blue;69;177;232
#460B41; Loulou;70;11;65
#462425; Crater Brown;70;36;37
#465945; Gray Asparagus;70;89;69
#4682B4; Steel Blue;70;130;180
#480404; Rustic Red;72;4;4
#480607; Bulgarian Rose;72;6;7
#480656; Clairvoyant;72;6;86
#481C1C; Cocoa Bean;72;28;28
#483131; Woody Brown;72;49;49
#483C32; Taupe;72;60;50
#49170C; Van Cleef;73;23;12
#492615; Brown Derby;73;38;21
#49371B; Metallic Bronze;73;55;27
#495400; Verdun Green;73;84;0
#496679; Blue Bayoux;73;102;121
#497183; Bismark;73;113;131
#4A2A04; Bracken;74;42;4
#4A3004; Deep Bronze;74;48;4
#4A3C30; Mondo;74;60;48
#4A4244; Tundora;74;66;68
#4A444B; Gravel;74;68;75
#4A4E5A; Trout;74;78;90
#4B0082; Pigment Indigo;75;0;130
#4B5D52; Nandor;75;93;82
#4C3024; Saddle;76;48;36
#4C4F56; Abbey;76;79;86
#4D0135; Blackberry;77;1;53
#4D0A18; Cab Sav;77;10;24
#4D1E01; Indian Tan;77;30;1
#4D282D; Cowboy;77;40;45
#4D282E; Livid Brown;77;40;46
#4D3833; Rock;77;56;51
#4D3D14; Punga;77;61;20
#4D400F; Bronzetone;77;64;15
#4D5328; Woodland;77;83;40
#4E0606; Mahogany;78;6;6
#4E2A5A; Bossanova;78;42;90
#4E3B41; Matterhorn;78;59;65
#4E420C; Bronze Olive;78;66;12
#4E4562; Mulled Wine;78;69;98
#4E6649; Axolotl;78;102;73
#4E7F9E; Wedgewood;78;127;158
#4EABD1; Shakespeare;78;171;209
#4F1C70; Honey Flower;79;28;112
#4F2398; Daisy Bush;79;35;152
#4F69C6; Indigo;79;105;198
#4F7942; Fern Green;79;121;66
#4F9D5D; Fruit Salad;79;157;93
#4FA83D; Apple;79;168;61
#504351; Mortar;80;67;81
#507096; Kashmir Blue;80;112;150
#507672; Cutty Sark;80;118;114
#50C878; Emerald;80;200;120
#514649; Emperor;81;70;73
#516E3D; Chalet Green;81;110;61
#517C66; Como;81;124;102
#51808F; Smalt Blue;81;128;143
#52001F; Castro;82;0;31
#520C17; Maroon Oak;82;12;23
#523C94; Gigas;82;60;148
#533455; Voodoo;83;52;85
#534491; Victoria;83;68;145
#53824B; Hippie Green;83;130;75
#541012; Heath;84;16;18
#544333; Judge Gray;84;67;51
#54534D; Fuscous Gray;84;83;77
#549019; Vida Loca;84;144;25
#55280C; Cioccolato;85;40;12
#555B10; Saratoga;85;91;16
#556D56; Finlandia;85;109;86
#5590D9; Havelock Blue;85;144;217
#56B4BE; Fountain Blue;86;180;190
#578363; Spring Leaves;87;131;99
#583401; Saddle Brown;88;52;1
#585562; Scarpa Flow;88;85;98
#587156; Cactus;88;113;86
#589AAF; Hippie Blue;88;154;175
#591D35; Wine Berry;89;29;53
#592804; Brown Bramble;89;40;4
#593737; Congo Brown;89;55;55
#594433; Millbrook;89;68;51
#5A6E9C; Waikawa Gray;90;110;156
#5A87A0; Horizon;90;135;160
#5B3013; Jambalaya;91;48;19
#5C0120; Bordeaux;92;1;32
#5C0536; Mulberry Wood;92;5;54
#5C2E01; Carnaby Tan;92;46;1
#5C5D75; Comet;92;93;117
#5D1E0F; Redwood;93;30;15
#5D4C51; Don Juan;93;76;81
#5D5C58; Chicago;93;92;88
#5D5E37; Verdigris;93;94;55
#5D7747; Dingley;93;119;71
#5DA19F; Breaker Bay;93;161;159
#5E483E; Kabul;94;72;62
#5E5D3B; Hemlock;94;93;59
#5F3D26; Irish Coffee;95;61;38
#5F5F6E; Mid Gray;95;95;110
#5F6672; Shuttle Gray;95;102;114
#5FA777; Aqua Forest;95;167;119
#5FB3AC; Tradewind;95;179;172
#604913; Horses Neck;96;73;19
#605B73; Smoky;96;91;115
#606E68; Corduroy;96;110;104
#6093D1; Danube;96;147;209
#612718; Espresso;97;39;24
#614051; Eggplant;97;64;81
#615D30; Costa Del Sol;97;93;48
#61845F; Glade Green;97;132;95
#622F30; Buccaneer;98;47;48
#623F2D; Quincy;98;63;45
#624E9A; Butterfly Bush;98;78;154
#625119; West Coast;98;81;25
#626649; Finch;98;102;73
#639A8F; Patina;99;154;143
#63B76C; Fern;99;183;108
#6456B7; Blue Violet;100;86;183
#646077; Dolphin;100;96;119
#646463; Storm Dust;100;100;99
#646A54; Siam;100;106;84
#646E75; Nevada;100;110;117
#6495ED; Cornflower Blue;100;149;237
#64CCDB; Viking;100;204;219
#65000B; Rosewood;101;0;11
#651A14; Cherrywood;101;26;20
#652DC1; Purple Heart;101;45;193
#657220; Fern Frond;101;114;32
#65745D; Willow Grove;101;116;93
#65869F; Hoki;101;134;159
#660045; Pompadour;102;0;69
#660099; Purple;102;0;153
#66023C; Tyrian Purple;102;2;60
#661010; Dark Tan;102;16;16
#66B58F; Silver Tree;102;181;143
#66FF00; Bright Green;102;255;0
#66FF66; Screamin' Green;102;255;102
#67032D; Black Rose;103;3;45
#675FA6; Scampi;103;95;166
#676662; Ironside Gray;103;102;98
#678975; Viridian Green;103;137;117
#67A712; Christi;103;167;18
#683600; Nutmeg Wood Finish;104;54;0
#685558; Zambezi;104;85;88
#685E6E; Salt Box;104;94;110
#692545; Tawny Port;105;37;69
#692D54; Finn;105;45;84
#695F62; Scorpion;105;95;98
#697E9A; Lynch;105;126;154
#6A442E; Spice;106;68;46
#6A5D1B; Himalaya;106;93;27
#6A6051; Soya Bean;106;96;81
#6B2A14; Hairy Heath;107;42;20
#6B3FA0; Royal Purple;107;63;160
#6B4E31; Shingle Fawn;107;78;49
#6B5755; Dorado;107;87;85
#6B8BA2; Bermuda Gray;107;139;162
#6B8E23; Olive Drab;107;142;35
#6C3082; Eminence;108;48;130
#6CDAE7; Turquoise Blue;108;218;231
#6D0101; Lonestar;109;1;1
#6D5E54; Pine Cone;109;94;84
#6D6C6C; Dove Gray;109;108;108
#6D9292; Juniper;109;146;146
#6D92A1; Gothic;109;146;161
#6E0902; Red Oxide;110;9;2
#6E1D14; Moccaccino;110;29;20
#6E4826; Pickled Bean;110;72;38
#6E4B26; Dallas;110;75;38
#6E6D57; Kokoda;110;109;87
#6E7783; Pale Sky;110;119;131
#6F440C; Cafe Royale;111;68;12
#6F6A61; Flint;111;106;97
#6F8E63; Highland;111;142;99
#6F9D02; Limeade;111;157;2
#6FD0C5; Downy;111;208;197
#701C1C; Persian Plum;112;28;28
#704214; Sepia;112;66;20
#704A07; Antique Bronze;112;74;7
#704F50; Ferra;112;79;80
#706555; Coffee;112;101;85
#708090; Slate Gray;112;128;144
#711A00; Cedar Wood Finish;113;26;0
#71291D; Metallic Copper;113;41;29
#714693; Affair;113;70;147
#714AB2; Studio;113;74;178
#715D47; Tobacco Brown;113;93;71
#716338; Yellow Metal;113;99;56
#716B56; Peat;113;107;86
#716E10; Olivetone;113;110;16
#717486; Storm Gray;113;116;134
#718080; Sirocco;113;128;128
#71D9E2; Aquamarine Blue;113;217;226
#72010F; Venetian Red;114;1;15
#724A2F; Old Copper;114;74;47
#726D4E; Go Ben;114;109;78
#727B89; Raven;114;123;137
#731E8F; Seance;115;30;143
#734A12; Raw Umber;115;74;18
#736C9F; Kimberly;115;108;159
#736D58; Crocodile;115;109;88
#737829; Crete;115;120;41
#738678; Xanadu;115;134;120
#74640D; Spicy Mustard;116;100;13
#747D63; Limed Ash;116;125;99
#747D83; Rolling Stone;116;125;131
#748881; Blue Smoke;116;136;129
#749378; Laurel;116;147;120
#74C365; Mantis;116;195;101
#755A57; Russett;117;90;87
#7563A8; Deluge;117;99;168
#76395D; Cosmic;118;57;93
#7666C6; Blue Marguerite;118;102;198
#76BD17; Lima;118;189;23
#76D7EA; Sky Blue;118;215;234
#770F05; Dark Burgundy;119;15;5
#771F1F; Crown of Thorns;119;31;31
#773F1A; Walnut;119;63;26
#776F61; Pablo;119;111;97
#778120; Pacifika;119;129;32
#779E86; Oxley;119;158;134
#77DD77; Pastel Green;119;221;119
#780109; Japanese Maple;120;1;9
#782D19; Mocha;120;45;25
#782F16; Peanut;120;47;22
#78866B; Camouflage Green;120;134;107
#788A25; Wasabi;120;138;37
#788BBA; Ship Cove;120;139;186
#78A39C; Sea Nymph;120;163;156
#795D4C; Roman Coffee;121;93;76
#796878; Old Lavender;121;104;120
#796989; Rum;121;105;137
#796A78; Fedora;121;106;120
#796D62; Sandstone;121;109;98
#79DEEC; Spray;121;222;236
#7A013A; Siren;122;1;58
#7A58C1; Fuchsia Blue;122;88;193
#7A7A7A; Boulder;122;122;122
#7A89B8; Wild Blue Yonder;122;137;184
#7AC488; De York;122;196;136
#7B3801; Red Beech;123;56;1
#7B3F00; Cinnamon;123;63;0
#7B6608; Yukon Gold;123;102;8
#7B7874; Tapa;123;120;116
#7B7C94; Waterloo ;123;124;148
#7B8265; Flax Smoke;123;130;101
#7B9F80; Amulet;123;159;128
#7BA05B; Asparagus;123;160;91
#7C1C05; Kenyan Copper;124;28;5
#7C7631; Pesto;124;118;49
#7C778A; Topaz;124;119;138
#7C7B7A; Concord;124;123;122
#7C7B82; Jumbo;124;123;130
#7C881A; Trendy Green;124;136;26
#7CA1A6; Gumbo;124;161;166
#7CB0A1; Acapulco;124;176;161
#7CB7BB; Neptune;124;183;187
#7D2C14; Pueblo;125;44;20
#7DA98D; Bay Leaf;125;169;141
#7DC8F7; Malibu;125;200;247
#7DD8C6; Bermuda;125;216;198
#7E3A15; Copper Canyon;126;58;21
#7F1734; Claret;127;23;52
#7F3A02; Peru Tan;127;58;2
#7F626D; Falcon;127;98;109
#7F7589; Mobster;127;117;137
#7F76D3; Moody Blue;127;118;211
#7FFF00; Chartreuse;127;255;0
#7FFFD4; Aquamarine;127;255;212
#800000; Maroon;128;0;0
#800B47; Rose Bud Cherry;128;11;71
#801818; Falu Red;128;24;24
#80341F; Red Robin;128;52;31
#803790; Vivid Violet;128;55;144
#80461B; Russet;128;70;27
#807E79; Friar Gray;128;126;121
#808000; Olive;128;128;0
#808080; Gray;128;128;128
#80B3AE; Gulf Stream;128;179;174
#80B3C4; Glacier;128;179;196
#80CCEA; Seagull;128;204;234
#81422C; Nutmeg;129;66;44
#816E71; Spicy Pink;129;110;113
#817377; Empress;129;115;119
#819885; Spanish Green;129;152;133
#826F65; Sand Dune;130;111;101
#828685; Gunsmoke;130;134;133
#828F72; Battleship Gray;130;143;114
#831923; Merlot;131;25;35
#837050; Shadow;131;112;80
#83AA5D; Chelsea Cucumber;131;170;93
#83D0C6; Monte Carlo;131;208;198
#843179; Plum;132;49;121
#84A0A0; Granny Smith;132;160;160
#8581D9; Chetwode Blue;133;129;217
#858470; Bandicoot;133;132;112
#859FAF; Bali Hai;133;159;175
#85C4CC; Half Baked;133;196;204
#860111; Red Devil;134;1;17
#863C3C; Lotus;134;60;60
#86483C; Ironstone;134;72;60
#864D1E; Bull Shot;134;77;30
#86560A; Rusty Nail;134;86;10
#868974; Bitter;134;137;116
#86949F; Regent Gray;134;148;159
#871550; Disco;135;21;80
#87756E; Americano;135;117;110
#877C7B; Hurricane;135;124;123
#878D91; Oslo Gray;135;141;145
#87AB39; Sushi;135;171;57
#885342; Spicy Mix;136;83;66
#886221; Kumera;136;98;33
#888387; Suva Gray;136;131;135
#888D65; Avocado;136;141;101
#893456; Camelot;137;52;86
#893843; Solid Pink;137;56;67
#894367; Cannon Pink;137;67;103
#897D6D; Makara;137;125;109
#8A3324; Burnt Umber;138;51;36
#8A73D6; True V;138;115;214
#8A8360; Clay Creek;138;131;96
#8A8389; Monsoon;138;131;137
#8A8F8A; Stack;138;143;138
#8AB9F1; Jordy Blue;138;185;241
#8B00FF; Electric Violet;139;0;255
#8B0723; Monarch;139;7;35
#8B6B0B; Corn Harvest;139;107;11
#8B8470; Olive Haze;139;132;112
#8B847E; Schooner;139;132;126
#8B8680; Natural Gray;139;134;128
#8B9C90; Mantle;139;156;144
#8B9FEE; Portage;139;159;238
#8BA690; Envy;139;166;144
#8BA9A5; Cascade;139;169;165
#8BE6D8; Riptide;139;230;216
#8C055E; Cardinal Pink;140;5;94
#8C472F; Mule Fawn;140;71;47
#8C5738; Potters Clay;140;87;56
#8C6495; Trendy Pink;140;100;149
#8D0226; Paprika;141;2;38
#8D3D38; Sanguine Brown;141;61;56
#8D3F3F; Tosca;141;63;63
#8D7662; Cement;141;118;98
#8D8974; Granite Green;141;137;116
#8D90A1; Manatee;141;144;161
#8DA8CC; Polo Blue;141;168;204
#8E0000; Red Berry;142;0;0
#8E4D1E; Rope;142;77;30
#8E6F70; Opium;142;111;112
#8E775E; Domino;142;119;94
#8E8190; Mamba;142;129;144
#8EABC1; Nepal;142;171;193
#8F021C; Pohutukawa;143;2;28
#8F3E33; El Salva;143;62;51
#8F4B0E; Korma;143;75;14
#8F8176; Squirrel;143;129;118
#8FD6B4; Vista Blue;143;214;180
#900020; Burgundy;144;0;32
#901E1E; Old Brick;144;30;30
#907874; Hemp;144;120;116
#907B71; Almond Frost;144;123;113
#908D39; Sycamore;144;141;57
#92000A; Sangria;146;0;10
#924321; Cumin;146;67;33
#926F5B; Beaver;146;111;91
#928573; Stonewall;146;133;115
#928590; Venus;146;133;144
#9370DB; Medium Purple;147;112;219
#93CCEA; Cornflower;147;204;234
#93DFB8; Algae Green;147;223;184
#944747; Copper Rust;148;71;71
#948771; Arrowtown;148;135;113
#950015; Scarlett;149;0;21
#956387; Strikemaster;149;99;135
#959396; Mountain Mist;149;147;150
#960018; Carmine;150;0;24
#964B00; Brown;150;75;0
#967059; Leather;150;112;89
#9678B6; Purple Mountain's Majesty;150;120;182
#967BB6; Lavender Purple;150;123;182
#96A8A1; Pewter;150;168;161
#96BBAB; Summer Green;150;187;171
#97605D; Au Chico;151;96;93
#9771B5; Wisteria;151;113;181
#97CD2D; Atlantis;151;205;45
#983D61; Vin Rouge;152;61;97
#9874D3; Lilac Bush;152;116;211
#98777B; Bazaar;152;119;123
#98811B; Hacienda;152;129;27
#988D77; Pale Oyster;152;141;119
#98FF98; Mint Green;152;255;152
#990066; Fresh Eggplant;153;0;102
#991199; Violet Eggplant;153;17;153
#991613; Tamarillo;153;22;19
#991B07; Totem Pole;153;27;7
#996666; Copper Rose;153;102;102
#9966CC; Amethyst;153;102;204
#997A8D; Mountbatten Pink;153;122;141
#9999CC; Blue Bell;153;153;204
#9A3820; Prairie Sand;154;56;32
#9A6E61; Toast;154;110;97
#9A9577; Gurkha;154;149;119
#9AB973; Olivine;154;185;115
#9AC2B8; Shadow Green;154;194;184
#9B4703; Oregon;155;71;3
#9B9E8F; Lemon Grass;155;158;143
#9C3336; Stiletto;156;51;54
#9D5616; Hawaiian Tan;157;86;22
#9DACB7; Gull Gray;157;172;183
#9DC209; Pistachio;157;194;9
#9DE093; Granny Smith Apple;157;224;147
#9DE5FF; Anakiwa;157;229;255
#9E5302; Chelsea Gem;158;83;2
#9E5B40; Sepia Skin;158;91;64
#9EA587; Sage;158;165;135
#9EA91F; Citron;158;169;31
#9EB1CD; Rock Blue;158;177;205
#9EDEE0; Morning Glory;158;222;224
#9F381D; Cognac;159;56;29
#9F821C; Reef Gold;159;130;28
#9F9F9C; Star Dust;159;159;156
#9FA0B1; Santas Gray;159;160;177
#9FD7D3; Sinbad;159;215;211
#9FDD8C; Feijoa;159;221;140
#A02712; Tabasco;160;39;18
#A1750D; Buttered Rum;161;117;13
#A1ADB5; Hit Gray;161;173;181
#A1C50A; Citrus;161;197;10
#A1DAD7; Aqua Island;161;218;215
#A1E9DE; Water Leaf;161;233;222
#A2006D; Flirt;162;0;109
#A23B6C; Rouge;162;59;108
#A26645; Cape Palliser;162;102;69
#A2AAB3; Gray Chateau;162;170;179
#A2AEAB; Edward;162;174;171
#A3807B; Pharlap;163;128;123
#A397B4; Amethyst Smoke;163;151;180
#A3E3ED; Blizzard Blue;163;227;237
#A4A49D; Delta;164;164;157
#A4A6D3; Wistful;164;166;211
#A4AF6E; Green Smoke;164;175;110
#A50B5E; Jazzberry Jam;165;11;94
#A59B91; Zorba;165;155;145
#A5CB0C; Bahia;165;203;12
#A62F20; Roof Terracotta;166;47;32
#A65529; Paarl;166;85;41
#A68B5B; Barley Corn;166;139;91
#A69279; Donkey Brown;166;146;121
#A6A29A; Dawn;166;162;154
#A72525; Mexican Red;167;37;37
#A7882C; Luxor Gold;167;136;44
#A85307; Rich Gold;168;83;7
#A86515; Reno Sand;168;101;21
#A86B6B; Coral Tree;168;107;107
#A8989B; Dusty Gray;168;152;155
#A899E6; Dull Lavender;168;153;230
#A8A589; Tallow;168;165;137
#A8AE9C; Bud;168;174;156
#A8AF8E; Locust;168;175;142
#A8BD9F; Norway;168;189;159
#A8E3BD; Chinook;168;227;189
#A9A491; Gray Olive;169;164;145
#A9ACB6; Aluminium;169;172;182
#A9B2C3; Cadet Blue;169;178;195
#A9B497; Schist;169;180;151
#A9BDBF; Tower Gray;169;189;191
#A9BEF2; Perano;169;190;242
#A9C6C2; Opal;169;198;194
#AA375A; Night Shadz;170;55;90
#AA4203; Fire;170;66;3
#AA8B5B; Muesli;170;139;91
#AA8D6F; Sandal;170;141;111
#AAA5A9; Shady Lady;170;165;169
#AAA9CD; Logan;170;169;205
#AAABB7; Spun Pearl;170;171;183
#AAD6E6; Regent St Blue;170;214;230
#AAF0D1; Magic Mint;170;240;209
#AB0563; Lipstick;171;5;99
#AB3472; Royal Heath;171;52;114
#AB917A; Sandrift;171;145;122
#ABA0D9; Cold Purple;171;160;217
#ABA196; Bronco;171;161;150
#AC8A56; Limed Oak;172;138;86
#AC91CE; East Side;172;145;206
#AC9E22; Lemon Ginger;172;158;34
#ACA494; Napa;172;164;148
#ACA586; Hillary;172;165;134
#ACA59F; Cloudy;172;165;159
#ACACAC; Silver Chalice;172;172;172
#ACB78E; Swamp Green;172;183;142
#ACCBB1; Spring Rain;172;203;177
#ACDD4D; Conifer;172;221;77
#ACE1AF; Celadon;172;225;175
#AD781B; Mandalay;173;120;27
#ADBED1; Casper;173;190;209
#ADDFAD; Moss Green;173;223;173
#ADE6C4; Padua;173;230;196
#ADFF2F; Green Yellow;173;255;47
#AE4560; Hippie Pink;174;69;96
#AE6020; Desert;174;96;32
#AE809E; Bouquet;174;128;158
#AF4035; Medium Carmine;175;64;53
#AF4D43; Apple Blossom;175;77;67
#AF593E; Brown Rust;175;89;62
#AF8751; Driftwood;175;135;81
#AF8F2C; Alpine;175;143;44
#AF9F1C; Lucky;175;159;28
#AFA09E; Martini;175;160;158
#AFB1B8; Bombay;175;177;184
#AFBDD9; Pigeon Post;175;189;217
#B04C6A; Cadillac;176;76;106
#B05D54; Matrix;176;93;84
#B05E81; Tapestry;176;94;129
#B06608; Mai Tai;176;102;8
#B09A95; Del Rio;176;154;149
#B0E0E6; Powder Blue;176;224;230
#B0E313; Inch Worm;176;227;19
#B10000; Bright Red;177;0;0
#B14A0B; Vesuvius;177;74;11
#B1610B; Pumpkin Skin;177;97;11
#B16D52; Santa Fe;177;109;82
#B19461; Teak;177;148;97
#B1E2C1; Fringy Flower;177;226;193
#B1F4E7; Ice Cold;177;244;231
#B20931; Shiraz;178;9;49
#B2A1EA; Biloba Flower;178;161;234
#B32D29; Tall Poppy;179;45;41
#B35213; Fiery Orange;179;82;19
#B38007; Hot Toddy;179;128;7
#B3AF95; Taupe Gray;179;175;149
#B3C110; La Rioja;179;193;16
#B43332; Well Read;180;51;50
#B44668; Blush;180;70;104
#B4CFD3; Jungle Mist;180;207;211
#B57281; Turkish Rose;181;114;129
#B57EDC; Lavender;181;126;220
#B5A27F; Mongoose;181;162;127
#B5B35C; Olive Green;181;179;92
#B5D2CE; Jet Stream;181;210;206
#B5ECDF; Cruise;181;236;223
#B6316C; Hibiscus;182;49;108
#B69D98; Thatch;182;157;152
#B6B095; Heathered Gray;182;176;149
#B6BAA4; Eagle;182;186;164
#B6D1EA; Spindle;182;209;234
#B6D3BF; Gum Leaf;182;211;191
#B7410E; Rust;183;65;14
#B78E5C; Muddy Waters;183;142;92
#B7A214; Sahara;183;162;20
#B7A458; Husk;183;164;88
#B7B1B1; Nobel;183;177;177
#B7C3D0; Heather;183;195;208
#B7F0BE; Madang;183;240;190
#B81104; Milano Red;184;17;4
#B87333; Copper;184;115;51
#B8B56A; Gimblet;184;181;106
#B8C1B1; Green Spring;184;193;177
#B8C25D; Celery;184;194;93
#B8E0F9; Sail;184;224;249
#B94E48; Chestnut;185;78;72
#B95140; Crail;185;81;64
#B98D28; Marigold;185;141;40
#B9C46A; Wild Willow;185;196;106
#B9C8AC; Rainee;185;200;172
#BA0101; Guardsman Red;186;1;1
#BA450C; Rock Spray;186;69;12
#BA6F1E; Bourbon;186;111;30
#BA7F03; Pirate Gold;186;127;3
#BAB1A2; Nomad;186;177;162
#BAC7C9; Submarine;186;199;201
#BAEEF9; Charlotte;186;238;249
#BB3385; Medium Red Violet;187;51;133
#BB8983; Brandy Rose;187;137;131
#BBD009; Rio Grande;187;208;9
#BBD7C1; Surf;187;215;193
#BCC9C2; Powder Ash;188;201;194
#BD5E2E; Tuscany;189;94;46
#BD978E; Quicksand;189;151;142
#BDB1A8; Silk;189;177;168
#BDB2A1; Malta;189;178;161
#BDB3C7; Chatelle;189;179;199
#BDBBD7; Lavender Gray;189;187;215
#BDBDC6; French Gray;189;189;198
#BDC8B3; Clay Ash;189;200;179
#BDC9CE; Loblolly;189;201;206
#BDEDFD; French Pass;189;237;253
#BEA6C3; London Hue;190;166;195
#BEB5B7; Pink Swan;190;181;183
#BEDE0D; Fuego;190;222;13
#BF5500; Rose of Sharon;191;85;0
#BFB8B0; Tide;191;184;176
#BFBED8; Blue Haze;191;190;216
#BFC1C2; Silver Sand;191;193;194
#BFC921; Key Lime Pie;191;201;33
#BFDBE2; Ziggurat;191;219;226
#BFFF00; Lime;191;255;0
#C02B18; Thunderbird;192;43;24
#C04737; Mojo;192;71;55
#C08081; Old Rose;192;128;129
#C0C0C0; Silver;192;192;192
#C0D3B9; Pale Leaf;192;211;185
#C0D8B6; Pixie Green;192;216;182
#C1440E; Tia Maria;193;68;14
#C154C1; Fuchsia Pink;193;84;193
#C1A004; Buddha Gold;193;160;4
#C1B7A4; Bison Hide;193;183;164
#C1BAB0; Tea;193;186;176
#C1BECD; Gray Suit;193;190;205
#C1D7B0; Sprout;193;215;176
#C1F07C; Sulu;193;240;124
#C26B03; Indochine;194;107;3
#C2955D; Twine;194;149;93
#C2BDB6; Cotton Seed;194;189;182
#C2CAC4; Pumice;194;202;196
#C2E8E5; Jagged Ice;194;232;229
#C32148; Maroon Flush;195;33;72
#C3B091; Indian Khaki;195;176;145
#C3BFC1; Pale Slate;195;191;193
#C3C3BD; Gray Nickel;195;195;189
#C3CDE6; Periwinkle Gray;195;205;230
#C3D1D1; Tiara;195;209;209
#C3DDF9; Tropical Blue;195;221;249
#C41E3A; Cardinal;196;30;58
#C45655; Fuzzy Wuzzy Brown;196;86;85
#C45719; Orange Roughy;196;87;25
#C4C4BC; Mist Gray;196;196;188
#C4D0B0; Coriander;196;208;176
#C4F4EB; Mint Tulip;196;244;235
#C54B8C; Mulberry;197;75;140
#C59922; Nugget;197;153;34
#C5994B; Tussock;197;153;75
#C5DBCA; Sea Mist;197;219;202
#C5E17A; Yellow Green;197;225;122
#C62D42; Brick Red;198;45;66
#C6726B; Contessa;198;114;107
#C69191; Oriental Pink;198;145;145
#C6A84B; Roti;198;168;75
#C6C3B5; Ash;198;195;181
#C6C8BD; Kangaroo;198;200;189
#C6E610; Las Palmas;198;230;16
#C7031E; Monza;199;3;30
#C71585; Red Violet;199;21;133
#C7BCA2; Coral Reef;199;188;162
#C7C1FF; Melrose;199;193;255
#C7C4BF; Cloud;199;196;191
#C7C9D5; Ghost;199;201;213
#C7CD90; Pine Glade;199;205;144
#C7DDE5; Botticelli;199;221;229
#C88A65; Antique Brass;200;138;101
#C8A2C8; Lilac;200;162;200
#C8A528; Hokey Pokey;200;165;40
#C8AABF; Lily;200;170;191
#C8B568; Laser;200;181;104
#C8E3D7; Edgewater;200;227;215
#C96323; Piper;201;99;35
#C99415; Pizza;201;148;21
#C9A0DC; Light Wisteria;201;160;220
#C9B29B; Rodeo Dust;201;178;155
#C9B35B; Sundance;201;179;91
#C9B93B; Earls Green;201;185;59
#C9C0BB; Silver Rust;201;192;187
#C9D9D2; Conch;201;217;210
#C9FFA2; Reef;201;255;162
#C9FFE5; Aero Blue;201;255;229
#CA3435; Flush Mahogany;202;52;53
#CABB48; Turmeric;202;187;72
#CADCD4; Paris White;202;220;212
#CAE00D; Bitter Lemon;202;224;13
#CAE6DA; Skeptic;202;230;218
#CB8FA9; Viola;203;143;169
#CBCAB6; Foggy Gray;203;202;182
#CBD3B0; Green Mist;203;211;176
#CBDBD6; Nebula;203;219;214
#CC3333; Persian Red;204;51;51
#CC5500; Burnt Orange;204;85;0
#CC7722; Ochre;204;119;34
#CC8899; Puce;204;136;153
#CCCAA8; Thistle Green;204;202;168
#CCCCFF; Periwinkle;204;204;255
#CCFF00; Electric Lime;204;255;0
#CD5700; Tenn;205;87;0
#CD5C5C; Chestnut Rose;205;92;92
#CD8429; Brandy Punch;205;132;41
#CDF4FF; Onahau;205;244;255
#CEB98F; Sorrell Brown;206;185;143
#CEBABA; Cold Turkey;206;186;186
#CEC291; Yuma;206;194;145
#CEC7A7; Chino;206;199;167
#CFA39D; Eunry;207;163;157
#CFB53B; Old Gold;207;181;59
#CFDCCF; Tasman;207;220;207
#CFE5D2; Surf Crest;207;229;210
#CFF9F3; Humming Bird;207;249;243
#CFFAF4; Scandal;207;250;244
#D05F04; Red Stage;208;95;4
#D06DA1; Hopbush;208;109;161
#D07D12; Meteor;208;125;18
#D0BEF8; Perfume;208;190;248
#D0C0E5; Prelude;208;192;229
#D0F0C0; Tea Green;208;240;192
#D18F1B; Geebung;209;143;27
#D1BEA8; Vanilla;209;190;168
#D1C6B4; Soft Amber;209;198;180
#D1D2CA; Celeste;209;210;202
#D1D2DD; Mischka;209;210;221
#D1E231; Pear;209;226;49
#D2691E; Hot Cinnamon;210;105;30
#D27D46; Raw Sienna;210;125;70
#D29EAA; Careys Pink;210;158;170
#D2B48C; Tan;210;180;140
#D2DA97; Deco;210;218;151
#D2F6DE; Blue Romance;210;246;222
#D2F8B0; Gossip;210;248;176
#D3CBBA; Sisal;211;203;186
#D3CDC5; Swirl;211;205;197
#D47494; Charm;212;116;148
#D4B6AF; Clam Shell;212;182;175
#D4BF8D; Straw;212;191;141
#D4C4A8; Akaroa;212;196;168
#D4CD16; Bird Flower;212;205;22
#D4D7D9; Iron;212;215;217
#D4DFE2; Geyser;212;223;226
#D4E2FC; Hawkes Blue;212;226;252
#D54600; Grenadier;213;70;0
#D591A4; Can Can;213;145;164
#D59A6F; Whiskey;213;154;111
#D5D195; Winter Hazel;213;209;149
#D5F6E3; Granny Apple;213;246;227
#D69188; My Pink;214;145;136
#D6C562; Tacha;214;197;98
#D6CEF6; Moon Raker;214;206;246
#D6D6D1; Quill Gray;214;214;209
#D6FFDB; Snowy Mint;214;255;219
#D7837F; New York Pink;215;131;127
#D7C498; Pavlova;215;196;152
#D7D0FF; Fog;215;208;255
#D84437; Valencia;216;68;55
#D87C63; Japonica;216;124;99
#D8BFD8; Thistle;216;191;216
#D8C2D5; Maverick;216;194;213
#D8FCFA; Foam;216;252;250
#D94972; Cabaret;217;73;114
#D99376; Burning Sand;217;147;118
#D9B99B; Cameo;217;185;155
#D9D6CF; Timberwolf;217;214;207
#D9DCC1; Tana;217;220;193
#D9E4F5; Link Water;217;228;245
#D9F7FF; Mabel;217;247;255
#DA3287; Cerise;218;50;135
#DA5B38; Flame Pea;218;91;56
#DA6304; Bamboo;218;99;4
#DA6A41; Red Damask;218;106;65
#DA70D6; Orchid;218;112;214
#DA8A67; Copperfield;218;138;103
#DAA520; Golden Grass;218;165;32
#DAECD6; Zanah;218;236;214
#DAF4F0; Iceberg;218;244;240
#DAFAFF; Oyster Bay;218;250;255
#DB5079; Cranberry;219;80;121
#DB9690; Petite Orchid;219;150;144
#DB995E; Di Serria;219;153;94
#DBDBDB; Alto;219;219;219
#DBFFF8; Frosted Mint;219;255;248
#DC143C; Crimson;220;20;60
#DC4333; Punch;220;67;51
#DCB20C; Galliano;220;178;12
#DCB4BC; Blossom;220;180;188
#DCD747; Wattle;220;215;71
#DCD9D2; Westar;220;217;210
#DCDDCC; Moon Mist;220;221;204
#DCEDB4; Caper;220;237;180
#DCF0EA; Swans Down;220;240;234
#DDD6D5; Swiss Coffee;221;214;213
#DDF9F1; White Ice;221;249;241
#DE3163; Cerise Red;222;49;99
#DE6360; Roman;222;99;96
#DEA681; Tumbleweed;222;166;129
#DEBA13; Gold Tips;222;186;19
#DEC196; Brandy;222;193;150
#DECBC6; Wafer;222;203;198
#DED4A4; Sapling;222;212;164
#DED717; Barberry;222;215;23
#DEE5C0; Beryl Green;222;229;192
#DEF5FF; Pattens Blue;222;245;255
#DF73FF; Heliotrope;223;115;255
#DFBE6F; Apache;223;190;111
#DFCD6F; Chenin;223;205;111
#DFCFDB; Lola;223;207;219
#DFECDA; Willow Brook;223;236;218
#DFFF00; Chartreuse Yellow;223;255;0
#E0B0FF; Mauve;224;176;255
#E0B646; Anzac;224;182;70
#E0B974; Harvest Gold;224;185;116
#E0C095; Calico;224;192;149
#E0FFFF; Baby Blue;224;255;255
#E16865; Sunglo;225;104;101
#E1BC64; Equator;225;188;100
#E1C0C8; Pink Flare;225;192;200
#E1E6D6; Periglacial Blue;225;230;214
#E1EAD4; Kidnapper;225;234;212
#E1F6E8; Tara;225;246;232
#E25465; Mandy;226;84;101
#E2725B; Terracotta;226;114;91
#E28913; Golden Bell;226;137;19
#E292C0; Shocking;226;146;192
#E29418; Dixie;226;148;24
#E29CD2; Light Orchid;226;156;210
#E2D8ED; Snuff;226;216;237
#E2EBED; Mystic;226;235;237
#E2F3EC; Apple Green;226;243;236
#E30B5C; Razzmatazz;227;11;92
#E32636; Alizarin Crimson;227;38;54
#E34234; Cinnabar;227;66;52
#E3BEBE; Cavern Pink;227;190;190
#E3F5E1; Peppermint;227;245;225
#E3F988; Mindaro;227;249;136
#E47698; Deep Blush;228;118;152
#E49B0F; Gamboge;228;155;15
#E4C2D5; Melanie;228;194;213
#E4CFDE; Twilight;228;207;222
#E4D1C0; Bone;228;209;192
#E4D422; Sunflower;228;212;34
#E4D5B7; Grain Brown;228;213;183
#E4D69B; Zombie;228;214;155
#E4F6E7; Frostee;228;246;231
#E4FFD1; Snow Flurry;228;255;209
#E52B50; Amaranth;229;43;80
#E5841B; Zest;229;132;27
#E5CCC9; Dust Storm;229;204;201
#E5D7BD; Stark White;229;215;189
#E5D8AF; Hampton;229;216;175
#E5E0E1; Bon Jour;229;224;225
#E5E5E5; Mercury;229;229;229
#E5F9F6; Polar;229;249;246
#E64E03; Trinidad;230;78;3
#E6BE8A; Gold Sand;230;190;138
#E6BEA5; Cashmere;230;190;165
#E6D7B9; Double Spanish White;230;215;185
#E6E4D4; Satin Linen;230;228;212
#E6F2EA; Harp;230;242;234
#E6F8F3; Off Green;230;248;243
#E6FFE9; Hint of Green;230;255;233
#E6FFFF; Tranquil;230;255;255
#E77200; Mango Tango;231;114;0
#E7730A; Christine;231;115;10
#E79F8C; Tonys Pink;231;159;140
#E79FC4; Kobi;231;159;196
#E7BCB4; Rose Fog;231;188;180
#E7BF05; Corn;231;191;5
#E7CD8C; Putty;231;205;140
#E7ECE6; Gray Nurse;231;236;230
#E7F8FF; Lily White;231;248;255
#E7FEFF; Bubbles;231;254;255
#E89928; Fire Bush;232;153;40
#E8B9B3; Shilo;232;185;179
#E8E0D5; Pearl Bush;232;224;213
#E8EBE0; Green White;232;235;224
#E8F1D4; Chrome White;232;241;212
#E8F2EB; Gin;232;242;235
#E8F5F2; Aqua Squeeze;232;245;242
#E96E00; Clementine;233;110;0
#E97451; Burnt Sienna;233;116;81
#E97C07; Tahiti Gold;233;124;7
#E9CECD; Oyster Pink;233;206;205
#E9D75A; Confetti;233;215;90
#E9E3E3; Ebb;233;227;227
#E9F8ED; Ottoman;233;248;237
#E9FFFD; Clear Day;233;255;253
#EA88A8; Carissma;234;136;168
#EAAE69; Porsche;234;174;105
#EAB33B; Tulip Tree;234;179;59
#EAC674; Rob Roy;234;198;116
#EADAB8; Raffia;234;218;184
#EAE8D4; White Rock;234;232;212
#EAF6EE; Panache;234;246;238
#EAF6FF; Solitude;234;246;255
#EAF9F5; Aqua Spring;234;249;245
#EAFFFE; Dew;234;255;254
#EB9373; Apricot;235;147;115
#EBC2AF; Zinnwaldite;235;194;175
#ECA927; Fuel Yellow;236;169;39
#ECC54E; Ronchi;236;197;78
#ECC7EE; French Lilac;236;199;238
#ECCDB9; Just Right;236;205;185
#ECE090; Wild Rice;236;224;144
#ECEBBD; Fall Green;236;235;189
#ECEBCE; Aths Special;236;235;206
#ECF245; Starship;236;242;69
#ED0A3F; Red Ribbon;237;10;63
#ED7A1C; Tango;237;122;28
#ED9121; Carrot Orange;237;145;33
#ED989E; Sea Pink;237;152;158
#EDB381; Tacao;237;179;129
#EDC9AF; Desert Sand;237;201;175
#EDCDAB; Pancho;237;205;171
#EDDCB1; Chamois;237;220;177
#EDEA99; Primrose;237;234;153
#EDF5DD; Frost;237;245;221
#EDF5F5; Aqua Haze;237;245;245
#EDF6FF; Zumthor;237;246;255
#EDF9F1; Narvik;237;249;241
#EDFC84; Honeysuckle;237;252;132
#EE82EE; Lavender Magenta;238;130;238
#EEC1BE; Beauty Bush;238;193;190
#EED794; Chalky;238;215;148
#EED9C4; Almond;238;217;196
#EEDC82; Flax;238;220;130
#EEDEDA; Bizarre;238;222;218
#EEE3AD; Double Colonial White;238;227;173
#EEEEE8; Cararra;238;238;232
#EEEF78; Manz;238;239;120
#EEF0C8; Tahuna Sands;238;240;200
#EEF0F3; Athens Gray;238;240;243
#EEF3C3; Tusk;238;243;195
#EEF4DE; Loafer;238;244;222
#EEF6F7; Catskill White;238;246;247
#EEFDFF; Twilight Blue;238;253;255
#EEFF9A; Jonquil;238;255;154
#EEFFE2; Rice Flower;238;255;226
#EF863F; Jaffa;239;134;63
#EFEFEF; Gallery;239;239;239
#EFF2F3; Porcelain;239;242;243
#F091A9; Mauvelous;240;145;169
#F0D52D; Golden Dream;240;213;45
#F0DB7D; Golden Sand;240;219;125
#F0DC82; Buff;240;220;130
#F0E2EC; Prim;240;226;236
#F0E68C; Khaki;240;230;140
#F0EEFD; Selago;240;238;253
#F0EEFF; Titan White;240;238;255
#F0F8FF; Alice Blue;240;248;255
#F0FCEA; Feta;240;252;234
#F18200; Gold Drop;241;130;0
#F19BAB; Wewak;241;155;171
#F1E788; Sahara Sand;241;231;136
#F1E9D2; Parchment;241;233;210
#F1E9FF; Blue Chalk;241;233;255
#F1EEC1; Mint Julep;241;238;193
#F1F1F1; Seashell;241;241;241
#F1F7F2; Saltpan;241;247;242
#F1FFAD; Tidal;241;255;173
#F1FFC8; Chiffon;241;255;200
#F2552A; Flamingo;242;85;42
#F28500; Tangerine;242;133;0
#F2C3B2; Mandys Pink;242;195;178
#F2F2F2; Concrete;242;242;242
#F2FAFA; Black Squeeze;242;250;250
#F34723; Pomegranate;243;71;35
#F3AD16; Buttercup;243;173;22
#F3D69D; New Orleans;243;214;157
#F3D9DF; Vanilla Ice;243;217;223
#F3E7BB; Sidecar;243;231;187
#F3E9E5; Dawn Pink;243;233;229
#F3EDCF; Wheatfield;243;237;207
#F3FB62; Canary;243;251;98
#F3FBD4; Orinoco;243;251;212
#F3FFD8; Carla;243;255;216
#F400A1; Hollywood Cerise;244;0;161
#F4A460; Sandy brown;244;164;96
#F4C430; Saffron;244;196;48
#F4D81C; Ripe Lemon;244;216;28
#F4EBD3; Janna;244;235;211
#F4F2EE; Pampas;244;242;238
#F4F4F4; Wild Sand;244;244;244
#F4F8FF; Zircon;244;248;255
#F57584; Froly;245;117;132
#F5C85C; Cream Can;245;200;92
#F5C999; Manhattan;245;201;153
#F5D5A0; Maize;245;213;160
#F5DEB3; Wheat;245;222;179
#F5E7A2; Sandwisp;245;231;162
#F5E7E2; Pot Pourri;245;231;226
#F5E9D3; Albescent White;245;233;211
#F5EDEF; Soft Peach;245;237;239
#F5F3E5; Ecru White;245;243;229
#F5F5DC; Beige;245;245;220
#F5FB3D; Golden Fizz;245;251;61
#F5FFBE; Australian Mint;245;255;190
#F64A8A; French Rose;246;74;138
#F653A6; Brilliant Rose;246;83;166
#F6A4C9; Illusion;246;164;201
#F6F0E6; Merino;246;240;230
#F6F7F7; Black Haze;246;247;247
#F6FFDC; Spring Sun;246;255;220
#F7468A; Violet Red;247;70;138
#F77703; Chilean Fire;247;119;3
#F77FBE; Persian Pink;247;127;190
#F7B668; Rajah;247;182;104
#F7C8DA; Azalea;247;200;218
#F7DBE6; We Peep;247;219;230
#F7F2E1; Quarter Spanish White;247;242;225
#F7F5FA; Whisper;247;245;250
#F7FAF7; Snow Drift;247;250;247
#F8B853; Casablanca;248;184;83
#F8C3DF; Chantilly;248;195;223
#F8D9E9; Cherub;248;217;233
#F8DB9D; Marzipan;248;219;157
#F8DD5C; Energy Yellow;248;221;92
#F8E4BF; Givry;248;228;191
#F8F0E8; White Linen;248;240;232
#F8F4FF; Magnolia;248;244;255
#F8F6F1; Spring Wood;248;246;241
#F8F7DC; Coconut Cream;248;247;220
#F8F7FC; White Lilac;248;247;252
#F8F8F7; Desert Storm;248;248;247
#F8F99C; Texas;248;249;156
#F8FACD; Corn Field;248;250;205
#F8FDD3; Mimosa;248;253;211
#F95A61; Carnation;249;90;97
#F9BF58; Saffron Mango;249;191;88
#F9E0ED; Carousel Pink;249;224;237
#F9E4BC; Dairy Cream;249;228;188
#F9E663; Portica;249;230;99
#F9EAF3; Amour;249;234;243
#F9F8E4; Rum Swizzle;249;248;228
#F9FF8B; Dolly;249;255;139
#F9FFF6; Sugar Cane;249;255;246
#FA7814; Ecstasy;250;120;20
#FA9D5A; Tan Hide;250;157;90
#FAD3A2; Corvette;250;211;162
#FADFAD; Peach Yellow;250;223;173
#FAE600; Turbo;250;230;0
#FAEAB9; Astra;250;234;185
#FAECCC; Champagne;250;236;204
#FAF0E6; Linen;250;240;230
#FAF3F0; Fantasy;250;243;240
#FAF7D6; Citrine White;250;247;214
#FAFAFA; Alabaster;250;250;250
#FAFDE4; Hint of Yellow;250;253;228
#FAFFA4; Milan;250;255;164
#FB607F; Brink Pink;251;96;127
#FB8989; Geraldine;251;137;137
#FBA0E3; Lavender Rose;251;160;227
#FBA129; Sea Buckthorn;251;161;41
#FBAC13; Sun;251;172;19
#FBAED2; Lavender Pink;251;174;210
#FBB2A3; Rose Bud;251;178;163
#FBBEDA; Cupid;251;190;218
#FBCCE7; Classic Rose;251;204;231
#FBCEB1; Apricot Peach;251;206;177
#FBE7B2; Banana Mania;251;231;178
#FBE870; Marigold Yellow;251;232;112
#FBE96C; Festival;251;233;108
#FBEA8C; Sweet Corn;251;234;140
#FBEC5D; Candy Corn;251;236;93
#FBF9F9; Hint of Red;251;249;249
#FBFFBA; Shalimar;251;255;186
#FC0FC0; Shocking Pink;252;15;192
#FC80A5; Tickle Me Pink;252;128;165
#FC9C1D; Tree Poppy;252;156;29
#FCC01E; Lightning Yellow;252;192;30
#FCD667; Goldenrod;252;214;103
#FCD917; Candlelight;252;217;23
#FCDA98; Cherokee;252;218;152
#FCF4D0; Double Pearl Lusta;252;244;208
#FCF4DC; Pearl Lusta;252;244;220
#FCF8F7; Vista White;252;248;247
#FCFBF3; Bianca;252;251;243
#FCFEDA; Moon Glow;252;254;218
#FCFFE7; China Ivory;252;255;231
#FCFFF9; Ceramic;252;255;249
#FD0E35; Torch Red;253;14;53
#FD5B78; Wild Watermelon;253;91;120
#FD7B33; Crusta;253;123;51
#FD7C07; Sorbus;253;124;7
#FD9FA2; Sweet Pink;253;159;162
#FDD5B1; Light Apricot;253;213;177
#FDD7E4; Pig Pink;253;215;228
#FDE1DC; Cinderella;253;225;220
#FDE295; Golden Glow;253;226;149
#FDE910; Lemon;253;233;16
#FDF5E6; Old Lace;253;245;230
#FDF6D3; Half Colonial White;253;246;211
#FDF7AD; Drover;253;247;173
#FDFEB8; Pale Prim;253;254;184
#FDFFD5; Cumulus;253;255;213
#FE28A2; Persian Rose;254;40;162
#FE4C40; Sunset Orange;254;76;64
#FE6F5E; Bittersweet;254;111;94
#FE9D04; California;254;157;4
#FEA904; Yellow Sea;254;169;4
#FEBAAD; Melon;254;186;173
#FED33C; Bright Sun;254;211;60
#FED85D; Dandelion;254;216;93
#FEDB8D; Salomie;254;219;141
#FEE5AC; Cape Honey;254;229;172
#FEEBF3; Remy;254;235;243
#FEEFCE; Oasis;254;239;206
#FEF0EC; Bridesmaid;254;240;236
#FEF2C7; Beeswax;254;242;199
#FEF3D8; Bleach White;254;243;216
#FEF4CC; Pipi;254;244;204
#FEF4DB; Half Spanish White;254;244;219
#FEF4F8; Wisp Pink;254;244;248
#FEF5F1; Provincial Pink;254;245;241
#FEF7DE; Half Dutch White;254;247;222
#FEF8E2; Solitaire;254;248;226
#FEF8FF; White Pointer;254;248;255
#FEF9E3; Off Yellow;254;249;227
#FEFCED; Orange White;254;252;237
#FF0000; Red;255;0;0
#FF007F; Rose;255;0;127
#FF00CC; Purple Pizzazz;255;0;204
#FF00FF; Magenta / Fuchsia;255;0;255
#FF2400; Scarlet;255;36;0
#FF3399; Wild Strawberry;255;51;153
#FF33CC; Razzle Dazzle Rose;255;51;204
#FF355E; Radical Red;255;53;94
#FF3F34; Red Orange;255;63;52
#FF4040; Coral Red;255;64;64
#FF4D00; Vermilion;255;77;0
#FF4F00; International Orange;255;79;0
#FF6037; Outrageous Orange;255;96;55
#FF6600; Blaze Orange;255;102;0
#FF66FF; Pink Flamingo;255;102;255
#FF681F; Orange;255;104;31
#FF69B4; Hot Pink;255;105;180
#FF6B53; Persimmon;255;107;83
#FF6FFF; Blush Pink;255;111;255
#FF7034; Burning Orange;255;112;52
#FF7518; Pumpkin;255;117;24
#FF7D07; Flamenco;255;125;7
#FF7F00; Flush Orange;255;127;0
#FF7F50; Coral;255;127;80
#FF8C69; Salmon;255;140;105
#FF9000; Pizazz;255;144;0
#FF910F; West Side;255;145;15
#FF91A4; Pink Salmon;255;145;164
#FF9933; Neon Carrot;255;153;51
#FF9966; Atomic Tangerine;255;153;102
#FF9980; Vivid Tangerine;255;153;128
#FF9E2C; Sunshade;255;158;44
#FFA000; Orange Peel;255;160;0
#FFA194; Mona Lisa;255;161;148
#FFA500; Web Orange;255;165;0
#FFA6C9; Carnation Pink;255;166;201
#FFAB81; Hit Pink;255;171;129
#FFAE42; Yellow Orange;255;174;66
#FFB0AC; Cornflower Lilac;255;176;172
#FFB1B3; Sundown;255;177;179
#FFB31F; My Sin;255;179;31
#FFB555; Texas Rose;255;181;85
#FFB7D5; Cotton Candy;255;183;213
#FFB97B; Macaroni and Cheese;255;185;123
#FFBA00; Selective Yellow;255;186;0
#FFBD5F; Koromiko;255;189;95
#FFBF00; Amber;255;191;0
#FFC0A8; Wax Flower;255;192;168
#FFC0CB; Pink;255;192;203
#FFC3C0; Your Pink;255;195;192
#FFC901; Supernova;255;201;1
#FFCBA4; Flesh;255;203;164
#FFCC33; Sunglow;255;204;51
#FFCC5C; Golden Tainoi;255;204;92
#FFCC99; Peach Orange;255;204;153
#FFCD8C; Chardonnay;255;205;140
#FFD1DC; Pastel Pink;255;209;220
#FFD2B7; Romantic;255;210;183
#FFD38C; Grandis;255;211;140
#FFD700; Gold;255;215;0
#FFD800; School bus Yellow;255;216;0
#FFD8D9; Cosmos;255;216;217
#FFDB58; Mustard;255;219;88
#FFDCD6; Peach Schnapps;255;220;214
#FFDDAF; Caramel;255;221;175
#FFDDCD; Tuft Bush;255;221;205
#FFDDCF; Watusi;255;221;207
#FFDDF4; Pink Lace;255;221;244
#FFDEAD; Navajo White;255;222;173
#FFDEB3; Frangipani;255;222;179
#FFE1DF; Pippin;255;225;223
#FFE1F2; Pale Rose;255;225;242
#FFE2C5; Negroni;255;226;197
#FFE5A0; Cream Brulee;255;229;160
#FFE5B4; Peach;255;229;180
#FFE6C7; Tequila;255;230;199
#FFE772; Kournikova;255;231;114
#FFEAC8; Sandy Beach;255;234;200
#FFEAD4; Karry;255;234;212
#FFEC13; Broom;255;236;19
#FFEDBC; Colonial White;255;237;188
#FFEED8; Derby;255;238;216
#FFEFA1; Vis Vis;255;239;161
#FFEFC1; Egg White;255;239;193
#FFEFD5; Papaya Whip;255;239;213
#FFEFEC; Fair Pink;255;239;236
#FFF0DB; Peach Cream;255;240;219
#FFF0F5; Lavender blush;255;240;245
#FFF14F; Gorse;255;241;79
#FFF1B5; Buttermilk;255;241;181
#FFF1D8; Pink Lady;255;241;216
#FFF1EE; Forget Me Not;255;241;238
#FFF1F9; Tutu;255;241;249
#FFF39D; Picasso;255;243;157
#FFF3F1; Chardon;255;243;241
#FFF46E; Paris Daisy;255;244;110
#FFF4CE; Barley White;255;244;206
#FFF4DD; Egg Sour;255;244;221
#FFF4E0; Sazerac;255;244;224
#FFF4E8; Serenade;255;244;232
#FFF4F3; Chablis;255;244;243
#FFF5EE; Seashell Peach;255;245;238
#FFF5F3; Sauvignon;255;245;243
#FFF6D4; Milk Punch;255;246;212
#FFF6DF; Varden;255;246;223
#FFF6F5; Rose White;255;246;245
#FFF8D1; Baja White;255;248;209
#FFF9E2; Gin Fizz;255;249;226
#FFF9E6; Early Dawn;255;249;230
#FFFACD; Lemon Chiffon;255;250;205
#FFFAF4; Bridal Heath;255;250;244
#FFFBDC; Scotch Mist;255;251;220
#FFFBF9; Soapstone;255;251;249
#FFFC99; Witch Haze;255;252;153
#FFFCEA; Buttery White;255;252;234
#FFFCEE; Island Spice;255;252;238
#FFFDD0; Cream;255;253;208
#FFFDE6; Chilean Heath;255;253;230
#FFFDE8; Travertine;255;253;232
#FFFDF3; Orchid White;255;253;243
#FFFDF4; Quarter Pearl Lusta;255;253;244
#FFFEE1; Half and Half;255;254;225
#FFFEEC; Apricot White;255;254;236
#FFFEF0; Rice Cake;255;254;240
#FFFEF6; Black White;255;254;246
#FFFEFD; Romance;255;254;253
#FFFF00; Yellow;255;255;0
#FFFF66; Laser Lemon;255;255;102
#FFFF99; Pale Canary;255;255;153
#FFFFB4; Portafino;255;255;180
#FFFFF0; Ivory;255;255;240
#FFFFFF; White;255;255;255
